id,title,score,num_comments,author,created_utc,url,over_18,edited,spoiler,stickied
1hxmoqe,Is it just me or has DE become unnecessarily complicated?,117,69,Trick-Interaction396,2025-01-09 20:41:30,https://www.reddit.com/r/dataengineering/comments/1hxmoqe/is_it_just_me_or_has_de_become_unnecessarily/,False,False,False,False
1hy6if0,Small Data: Returning to Our Roots,64,4,theporterhaus,2025-01-10 15:10:51,https://youtu.be/eDr6_cMtfdA?si=2zQ04LRVj9sv2ldg,False,False,False,False
1hxnysl,Amazon Data Engineering Interviews prep call - why no dimensional modeling?,33,28,hky404,2025-01-09 21:36:27,https://www.reddit.com/r/dataengineering/comments/1hxnysl/amazon_data_engineering_interviews_prep_call_why/,False,False,False,False
1hxso2g,Do I have to go back to basics of programming?,29,29,noSugar-lessSalt,2025-01-10 01:12:24,https://www.reddit.com/r/dataengineering/comments/1hxso2g/do_i_have_to_go_back_to_basics_of_programming/,False,False,False,False
1hxlaj0,TIL Slack bot sdk is super easy to use,21,20,SuperTangelo1898,2025-01-09 19:42:43,https://www.reddit.com/r/dataengineering/comments/1hxlaj0/til_slack_bot_sdk_is_super_easy_to_use/,False,False,False,False
1hxly2b,Is Big Data Significantly Harder Than Small Data?,17,19,codemega,2025-01-09 20:09:50,https://www.reddit.com/r/dataengineering/comments/1hxly2b/is_big_data_significantly_harder_than_small_data/,False,False,False,False
1hxrsmr,How Do You Navigate Changing Jobs in Data Engineering?,7,10,PhotographMobile5350,2025-01-10 00:29:19,https://www.reddit.com/r/dataengineering/comments/1hxrsmr/how_do_you_navigate_changing_jobs_in_data/,False,False,False,False
1hy0hih,Is programming must in data engineering ,5,33,-Quantum-Quasar-42-,2025-01-10 09:11:30,https://www.reddit.com/r/dataengineering/comments/1hy0hih/is_programming_must_in_data_engineering/,False,False,False,False
1hy4ezh,Need Help with Fabric for a large scale migration ,5,0,frax0n,2025-01-10 13:29:58,https://www.reddit.com/r/dataengineering/comments/1hy4ezh/need_help_with_fabric_for_a_large_scale_migration/,False,False,False,False
1hy1x8m,Should I learn all of Python or just focus on Airflow/PySpark?,3,5,Chvyaken,2025-01-10 10:58:13,https://www.reddit.com/r/dataengineering/comments/1hy1x8m/should_i_learn_all_of_python_or_just_focus_on/,False,False,False,False
1hxhwir,Need Advice: How to Find a Data Engineering Job now I have added AWS Data Engineer Certification to my data engineer experience?,5,8,Wise_Decision_5944,2025-01-09 17:20:28,https://www.reddit.com/r/dataengineering/comments/1hxhwir/need_advice_how_to_find_a_data_engineering_job/,False,False,False,False
1hy4xno,S3 or Redshift for storing Geolocation Data in AWS,2,9,turboline-ai,2025-01-10 13:56:48,https://www.reddit.com/r/dataengineering/comments/1hy4xno/s3_or_redshift_for_storing_geolocation_data_in_aws/,False,False,False,False
1hxugz7,"First Internship, how to make the most out of it?",4,4,Choice-Natural8832,2025-01-10 02:45:07,https://www.reddit.com/r/dataengineering/comments/1hxugz7/first_internship_how_to_make_the_most_out_of_it/,False,False,False,False
1hxv8d8,Any Udemy Course/YouTube Playlists/Blogs for Databricks admin stuffs?,2,3,TheITGuy93,2025-01-10 03:24:53,https://www.reddit.com/r/dataengineering/comments/1hxv8d8/any_udemy_courseyoutube_playlistsblogs_for/,False,False,False,False
1hxtcmf,Mock interviews for a DE role,2,2,Coding_Duchess,2025-01-10 01:47:44,https://www.reddit.com/r/dataengineering/comments/1hxtcmf/mock_interviews_for_a_de_role/,False,False,False,False
1hxnmbq,Is Kafka high in demand?,2,4,DescriptionPretend22,2025-01-09 21:21:19,https://www.reddit.com/r/dataengineering/comments/1hxnmbq/is_kafka_high_in_demand/,False,False,False,False
1hxlo7n,Switching from ML Research to Data Engineering: Will My Experience Count?,2,4,Confident-Dare-8483,2025-01-09 19:58:38,https://www.reddit.com/r/dataengineering/comments/1hxlo7n/switching_from_ml_research_to_data_engineering/,False,False,False,False
1hxigmr,Project ideas for portfolio ,1,5,Macandcheeseilf,2025-01-09 17:44:13,https://www.reddit.com/r/dataengineering/comments/1hxigmr/project_ideas_for_portfolio/,False,False,False,False
1hy8gqq,Testing approach for Databricks especially Spark,1,3,LargeSale8354,2025-01-10 16:35:31,https://www.reddit.com/r/dataengineering/comments/1hy8gqq/testing_approach_for_databricks_especially_spark/,False,False,False,False
1hy8fgo,Can anyone suggest a good article for incremental data load into a data warehouse? Iâ€™m exploring possible opportunity for the same.,1,1,Wide_Action8979,2025-01-10 16:33:59,https://www.reddit.com/r/dataengineering/comments/1hy8fgo/can_anyone_suggest_a_good_article_for_incremental/,False,False,False,False
1hy7q2b,Polars: interprets dates as str,1,1,DataNebula,2025-01-10 16:03:28,https://www.reddit.com/r/dataengineering/comments/1hy7q2b/polars_interprets_dates_as_str/,False,False,False,False
1hy7pfx,Storing and organizing ETL queries for enterprise level projects,1,5,YameteGPT,2025-01-10 16:02:41,https://www.reddit.com/r/dataengineering/comments/1hy7pfx/storing_and_organizing_etl_queries_for_enterprise/,False,False,False,False
1hy10yv,Stream Processing Resources,2,2,Cool-Camp-8013,2025-01-10 09:52:32,https://www.reddit.com/r/dataengineering/comments/1hy10yv/stream_processing_resources/,False,False,False,False
1hxx6ab,Slow Airbyte Sync and Rate Limit Issues with Facebook Marketing Data,1,4,Expensive_Tie1253,2025-01-10 05:17:17,https://www.reddit.com/r/dataengineering/comments/1hxx6ab/slow_airbyte_sync_and_rate_limit_issues_with/,False,False,False,False
1hxr84g,Approaches for structuring the AWS Glue Catalog?,1,2,DuckDatum,2025-01-10 00:01:54,https://www.reddit.com/r/dataengineering/comments/1hxr84g/approaches_for_structuring_the_aws_glue_catalog/,False,False,False,False
1hxqfvt,How to make Data AI ready ? ,1,1,SnooCooler,2025-01-09 23:25:23,https://www.reddit.com/r/dataengineering/comments/1hxqfvt/how_to_make_data_ai_ready/,False,False,False,False
1hxn2r5,Power BI for ADF run history reporting ,1,0,rockingpj,2025-01-09 20:58:07,https://www.reddit.com/r/dataengineering/comments/1hxn2r5/power_bi_for_adf_run_history_reporting/,False,False,False,False
1hxm8wt,Is it a good idea to switch from react native development to data engineering?,1,2,Wanderer2wrld,2025-01-09 20:22:46,https://www.reddit.com/r/dataengineering/comments/1hxm8wt/is_it_a_good_idea_to_switch_from_react_native/,False,False,False,False
1hxlrqj,Snowflake Pruning not Working with Subquery,1,2,Soundeth,2025-01-09 20:02:28,https://www.reddit.com/r/dataengineering/comments/1hxlrqj/snowflake_pruning_not_working_with_subquery/,False,False,False,False
1hxkqmk,Need Help with Dtype Conversion Issue in Dataquest Project (Self-Studying Data Engineering),1,0,ramseywinster,2025-01-09 19:19:30,https://www.reddit.com/r/dataengineering/comments/1hxkqmk/need_help_with_dtype_conversion_issue_in/,False,False,False,False
1hy8i0s,"Big Data engineer with 1.5 yoe, need to know what are the next steps to advance in this field. ",1,4,the_typical_coder,2025-01-10 16:37:04,https://www.reddit.com/r/dataengineering/comments/1hy8i0s/big_data_engineer_with_15_yoe_need_to_know_what/,False,False,False,False
1hy2bdn,Moving Google Sheet Data to Graph Databases,0,1,No-Astronaut4505,2025-01-10 11:24:13,https://www.reddit.com/r/dataengineering/comments/1hy2bdn/moving_google_sheet_data_to_graph_databases/,False,False,False,False
1hxoueq,Optimizing Partitioning by Date and State,0,2,ChronosZ0,2025-01-09 22:14:46,https://www.reddit.com/r/dataengineering/comments/1hxoueq/optimizing_partitioning_by_date_and_state/,False,False,False,False
1hxld10,Grow beyond Tech Skills through Effective Collaboration,0,0,mjfnd,2025-01-09 19:45:34,https://www.junaideffendi.com/p/building-a-collaborative-engineering?r=cqjft&utm_campaign=post&utm_medium=web&showWelcomeOnShare=false,False,False,False,False
1hxjmzp,Voicing concerns to the founder of Great Expectations,0,2,affinespaces,2025-01-09 18:33:22,https://youtu.be/lryxqciingQ?si=2bEi63eVBlgQhmU6,False,False,False,False
1hximzd,Data fabric layer for data mesh engineering,0,0,Immediate-Diver-2301,2025-01-09 17:51:28,https://www.reddit.com/r/dataengineering/comments/1hximzd/data_fabric_layer_for_data_mesh_engineering/,False,False,False,False
1hxmaog,"Data Analyst - Found this comprehensive DE bootcamp, anyone have experience with DataEngineerCamp?
",0,2,GradientAscendedSj,2025-01-09 20:24:50,https://www.reddit.com/r/dataengineering/comments/1hxmaog/data_analyst_found_this_comprehensive_de_bootcamp/,False,False,False,False
1hy0jc2,Data modelling,0,0,Leather-Ad8983,2025-01-10 09:15:28,https://www.reddit.com/r/dataengineering/comments/1hy0jc2/data_modelling/,False,False,False,False
1hy0hsq,From Data Governance to Data Engineering: Should I Make the Leap,0,3,Zestyclose-Sky-9463,2025-01-10 09:12:06,https://www.reddit.com/r/dataengineering/comments/1hy0hsq/from_data_governance_to_data_engineering_should_i/,False,False,False,False
1hxlmlz,Design an ETL Workflow Using ADF and Databricks with Templates and Reusability,0,2,Extra-Cancel3086,2025-01-09 19:56:48,https://www.reddit.com/r/dataengineering/comments/1hxlmlz/design_an_etl_workflow_using_adf_and_databricks/,False,False,False,False
1hy4z7k,Are the DE jobs disappearing?,0,13,SerafimC,2025-01-10 13:59:01,https://www.reddit.com/r/dataengineering/comments/1hy4z7k/are_the_de_jobs_disappearing/,False,False,False,False
